<?xml version="1.0" encoding="UTF-8"?>
<DARoots Version="1" Minor="26">
  <FileSet Name="constrs_1" Type="Constrs" RelSrcDir="$PSRCDIR/constrs_1">
    <Filter Type="Constrs"/>
    <File Path="$PPRDIR/../ipcore_dir/matrix_ram.ncf">
      <FileInfo>
        <Attr Name="UsedInImplementation" Val="1"/>
      </FileInfo>
    </File>
    <File Path="$PPRDIR/../ipcore_dir/row_ram.ncf">
      <FileInfo>
        <Attr Name="UsedInImplementation" Val="1"/>
      </FileInfo>
    </File>
    <File Path="X:/New folder/IITG/Semester 4/CS223 Hardware Lab/Assignment 4/VHDL/Matrix_Multiplier.ucf">
      <FileInfo>
        <Attr Name="UsedInSynthesis" Val="1"/>
        <Attr Name="UsedInImplementation" Val="1"/>
      </FileInfo>
    </File>
    <Config>
      <Option Name="TargetConstrsFile" Val="X:/New folder/IITG/Semester 4/CS223 Hardware Lab/Assignment 4/VHDL/Matrix_Multiplier.ucf"/>
      <Option Name="ConstrsType" Val="UCF"/>
    </Config>
  </FileSet>
</DARoots>
